"Page","Guard","Includes","PhpRefs"
"pages/about.php","","../layouts/session.php | /../includes/site_pages.php | ../layouts/main.php | ../layouts/title-meta.php | ../layouts/head-css.php | ../layouts/menu.php | ../layouts/footer.php | ../layouts/right-sidebar.php | ../layouts/footer-scripts.php","index.php | news.php | about.php | support.php | contact-us.php"
"pages/accomplishment-creator.php","","/../modules/apps/accomplishment_creator/accomplishment-creator.php",""
"pages/add-subject.php","require_role('admin')","../layouts/session.php | ../layouts/main.php | ../layouts/title-meta.php | ../layouts/head-css.php | ../layouts/menu.php | ../layouts/footer.php | ../layouts/right-sidebar.php | ../layouts/footer-scripts.php","process_edit_subject.php | process_delete_subject.php"
"pages/admin-assign-teachers.php","require_role('admin')","../layouts/session.php | ../layouts/main.php | ../layouts/title-meta.php | ../layouts/head-css.php | ../layouts/menu.php | ../layouts/footer.php | ../layouts/right-sidebar.php | ../layouts/footer-scripts.php","admin-dashboard.php"
"pages/admin-attendance-boundary.php","require_role('admin')","../layouts/session.php | /../includes/attendance_geofence.php | /../includes/audit.php | ../layouts/main.php | ../layouts/title-meta.php | ../layouts/head-css.php | ../layouts/menu.php | ../layouts/footer.php | ../layouts/right-sidebar.php | ../layouts/footer-scripts.php","admin-attendance-boundary.php | admin-dashboard.php"
"pages/admin-audit-log.php","require_role('admin')","../layouts/session.php | /../includes/audit.php | ../layouts/main.php | ../layouts/title-meta.php | ../layouts/head-css.php | ../layouts/menu.php | ../layouts/footer.php | ../layouts/right-sidebar.php | ../layouts/footer-scripts.php","admin-dashboard.php"
"pages/admin-campuses.php","require_role('superadmin')","../layouts/session.php | /../includes/audit.php | ../layouts/main.php | ../layouts/title-meta.php | ../layouts/head-css.php | ../layouts/menu.php | ../layouts/footer.php | ../layouts/right-sidebar.php | ../layouts/footer-scripts.php","admin-dashboard.php"
"pages/admin-class-roster.php","require_role('admin')","../layouts/session.php | ../layouts/main.php | ../layouts/title-meta.php | ../layouts/head-css.php | ../layouts/menu.php | ../layouts/footer.php | ../layouts/right-sidebar.php | ../layouts/footer-scripts.php","admin-dashboard.php | admin-assign-teachers.php"
"pages/admin-dashboard.php","require_role('admin')","../layouts/session.php | ../layouts/main.php | ../layouts/title-meta.php | ../layouts/head-css.php | ../layouts/menu.php | ../layouts/footer.php | ../layouts/right-sidebar.php | ../layouts/footer-scripts.php","admin-users-students.php | admin-users-teachers.php | admin-enrollment-approvals.php | admin-users.php"
"pages/admin-db-tools.php","require_role('superadmin')","../layouts/session.php | ../layouts/main.php | /../includes/db_tools.php | ../layouts/title-meta.php | ../layouts/head-css.php | ../layouts/menu.php | ../layouts/footer.php | ../layouts/right-sidebar.php | ../layouts/footer-scripts.php","admin-dashboard.php"
"pages/admin-enrollment-approvals.php","require_role('admin')","../layouts/session.php | /../includes/audit.php | ../layouts/main.php | ../layouts/title-meta.php | ../layouts/head-css.php | ../layouts/menu.php | ../layouts/footer.php | ../layouts/right-sidebar.php | ../layouts/footer-scripts.php","admin-dashboard.php"
"pages/admin-neighbor-numbers.php","require_role('admin')","../layouts/session.php | ../layouts/main.php | ../layouts/title-meta.php | ../layouts/head-css.php | ../layouts/menu.php | ../layouts/footer.php | ../layouts/right-sidebar.php | ../layouts/footer-scripts.php","/includes/neighbor_numbers_store.php | admin-dashboard.php"
"pages/admin-profile-approvals.php","require_role('admin')","../layouts/session.php | ../layouts/main.php | /../includes/profile.php | /../includes/audit.php | ../layouts/title-meta.php | ../layouts/head-css.php | ../layouts/menu.php | ../layouts/footer.php | ../layouts/right-sidebar.php | ../layouts/footer-scripts.php","admin-dashboard.php"
"pages/admin-project-tree.php","require_role('superadmin')","../layouts/session.php | /../includes/project_tree.php | ../layouts/main.php | ../layouts/title-meta.php | ../layouts/head-css.php | ../layouts/menu.php | ../layouts/footer.php | ../layouts/right-sidebar.php | ../layouts/footer-scripts.php","admin-project-tree.php?ajax=1&depth="
"pages/admin-references.php","require_role('admin')","../layouts/session.php | ../includes/reference.php | ../includes/ai_credits.php | ../includes/accomplishment_creator.php | ../includes/attendance_attachments.php | ../includes/reverse_class_record.php | ../layouts/main.php | ../layouts/title-meta.php | ../layouts/head-css.php | ../layouts/menu.php | ../layouts/footer.php | ../layouts/right-sidebar.php | ../layouts/footer-scripts.php","admin-dashboard.php"
"pages/admin-report-template-render.php","require_role('superadmin')","../layouts/session.php | /../includes/report_templates.php | /../includes/report_export.php",""
"pages/admin-report-templates.php","require_role('superadmin')","../layouts/session.php | /../includes/report_templates.php | ../layouts/main.php | ../layouts/title-meta.php | ../layouts/head-css.php | ../layouts/menu.php | ../layouts/footer.php | ../layouts/right-sidebar.php | ../layouts/footer-scripts.php","admin-report-template-render.php?id= | admin-dashboard.php | admin-report-templates.php?new=1"
"pages/admin-schedule-approvals.php","require_role('admin')","../layouts/session.php | /../includes/schedule.php | /../includes/audit.php | ../layouts/main.php | ../layouts/title-meta.php | ../layouts/head-css.php | ../layouts/menu.php | ../layouts/footer.php | ../layouts/right-sidebar.php | ../layouts/footer-scripts.php","admin-dashboard.php"
"pages/admin-schedules.php","require_role('admin')","../layouts/session.php | /../includes/schedule.php | /../includes/audit.php | /../includes/subject_colors.php | ../layouts/main.php | ../layouts/title-meta.php | ../layouts/head-css.php | ../layouts/menu.php | ../layouts/footer.php | ../layouts/right-sidebar.php | ../layouts/footer-scripts.php","admin-dashboard.php"
"pages/admin-session-settings.php","require_role('superadmin')","../layouts/session.php | /../includes/audit.php | /../includes/login_click_bypass.php | ../layouts/main.php | ../layouts/title-meta.php | ../layouts/head-css.php | ../layouts/menu.php | ../layouts/footer.php | ../layouts/right-sidebar.php | ../layouts/footer-scripts.php","admin-dashboard.php | admin-session-settings.php"
"pages/admin-site-pages.php","require_role('superadmin')","../layouts/session.php | /../includes/site_pages.php | /../includes/audit.php | ../layouts/main.php | ../layouts/title-meta.php | ../layouts/head-css.php | ../layouts/menu.php | ../layouts/footer.php | ../layouts/right-sidebar.php | ../layouts/footer-scripts.php","admin-dashboard.php"
"pages/admin-student-enrollment-details.php","require_role('admin')","../layouts/session.php | ../layouts/main.php | ../layouts/title-meta.php | ../layouts/head-css.php | ../layouts/menu.php | ../layouts/footer.php | ../layouts/right-sidebar.php | ../layouts/footer-scripts.php","admin-dashboard.php | admin-users-students.php"
"pages/admin-users-students.php","","/admin-users.php","admin-users-students.php | /admin-users.php"
"pages/admin-users-teachers.php","","/admin-users.php","admin-users-teachers.php | /admin-users.php"
"pages/admin-users.php","require_role('admin')","../layouts/session.php | /../includes/class_record_builds.php | /../includes/usage_limits.php | /../includes/ai_credits.php | /../includes/reference.php | ../layouts/main.php | ../layouts/title-meta.php | ../layouts/head-css.php | ../layouts/menu.php | ../layouts/footer.php | ../layouts/right-sidebar.php | ../layouts/footer-scripts.php","admin-users.php"
"pages/apps-calendar.php","","../layouts/session.php | ../layouts/main.php | ../layouts/title-meta.php | ../layouts/head-css.php | ../layouts/menu.php | ../layouts/footer.php | ../layouts/right-sidebar.php | ../layouts/footer-scripts.php",""
"pages/apps-chat.php","","../layouts/session.php | ../layouts/main.php | ../layouts/title-meta.php | ../layouts/head-css.php | ../layouts/menu.php | ../layouts/footer.php | ../layouts/right-sidebar.php | ../layouts/footer-scripts.php",""
"pages/apps-email-inbox.php","","../layouts/session.php | ../layouts/main.php | ../layouts/title-meta.php | ../layouts/head-css.php | ../layouts/menu.php | ../layouts/footer.php | ../layouts/right-sidebar.php | ../layouts/footer-scripts.php",""
"pages/apps-email-read.php","","../layouts/session.php | ../layouts/main.php | ../layouts/title-meta.php | ../layouts/head-css.php | ../layouts/menu.php | ../layouts/footer.php | ../layouts/right-sidebar.php | ../layouts/footer-scripts.php",""
"pages/apps-file-manager.php","","../layouts/session.php | ../layouts/main.php | ../layouts/title-meta.php | ../layouts/head-css.php | ../layouts/menu.php | ../layouts/footer.php | ../layouts/right-sidebar.php | ../layouts/footer-scripts.php",""
"pages/apps-kanban.php","","../layouts/session.php | ../layouts/main.php | ../layouts/title-meta.php | ../layouts/head-css.php | ../layouts/menu.php | ../layouts/footer.php | ../layouts/right-sidebar.php | ../layouts/footer-scripts.php",""
"pages/apps-tasks-details.php","","../layouts/session.php | ../layouts/main.php | ../layouts/title-meta.php | ../layouts/head-css.php | ../layouts/menu.php | ../layouts/footer.php | ../layouts/right-sidebar.php | ../layouts/footer-scripts.php",""
"pages/apps-tasks.php","","../layouts/session.php | ../layouts/main.php | ../layouts/title-meta.php | ../layouts/head-css.php | ../layouts/menu.php | ../layouts/footer.php | ../layouts/right-sidebar.php | ../layouts/footer-scripts.php",""
"pages/auth-confirm-mail-2.php","","../layouts/session.php | ../layouts/main.php | ../layouts/title-meta.php | ../layouts/head-css.php | ../layouts/footer-scripts.php","index.php"
"pages/auth-confirm-mail.php","","../layouts/session.php | ../layouts/main.php | ../layouts/title-meta.php | ../layouts/head-css.php | ../layouts/background.php | ../layouts/footer-scripts.php","index.php"
"pages/auth-force-password.php","","/../layouts/session.php | /../includes/audit.php | /../layouts/main.php | /../layouts/title-meta.php | /../layouts/head-css.php | /../layouts/background.php | /../layouts/footer-scripts.php","admin-dashboard.php | teacher-dashboard.php | student-dashboard.php | index.php | auth-force-password.php | auth-logout.php"
"pages/auth-lock-screen-2.php","","../layouts/session.php | ../layouts/main.php | ../layouts/title-meta.php | ../layouts/head-css.php | ../layouts/footer-scripts.php","index.php | auth-login-2.php"
"pages/auth-lock-screen.php","","../layouts/session.php | ../layouts/main.php | ../layouts/title-meta.php | ../layouts/head-css.php | ../layouts/background.php | ../layouts/footer-scripts.php","index.php | auth-login.php"
"pages/auth-login-2.php","","../layouts/session.php | /../includes/login_click_bypass.php | ../layouts/main.php | ../layouts/title-meta.php | ../layouts/head-css.php | ../layouts/footer-scripts.php","index.php | auth-login.php | auth-recoverpw-2.php | auth-register-2.php | includes/login_click_bypass_action.php"
"pages/auth-logout-2.php","","../layouts/session.php","auth-logout.php"
"pages/auth-recoverpw-2.php","","../layouts/session.php | ../layouts/main.php | ../layouts/title-meta.php | ../layouts/head-css.php | ../layouts/footer-scripts.php","index.php | auth-login-2.php"
"pages/auth-recoverpw.php","","../layouts/session.php | ../layouts/main.php | ../layouts/title-meta.php | ../layouts/head-css.php | ../layouts/background.php | ../layouts/footer-scripts.php","index.php | auth-login.php"
"pages/auth-register-2.php","","../layouts/session.php | ../layouts/main.php | ../layouts/title-meta.php | ../layouts/head-css.php | ../layouts/footer-scripts.php","index.php | auth-login-2.php"
"pages/charts-apex-area.php","","../layouts/session.php | ../layouts/main.php | ../layouts/title-meta.php | ../layouts/head-css.php | ../layouts/menu.php | ../layouts/footer.php | ../layouts/right-sidebar.php | ../layouts/footer-scripts.php",""
"pages/charts-apex-bar.php","","../layouts/session.php | ../layouts/main.php | ../layouts/title-meta.php | ../layouts/head-css.php | ../layouts/menu.php | ../layouts/footer.php | ../layouts/right-sidebar.php | ../layouts/footer-scripts.php",""
"pages/charts-apex-boxplot.php","","../layouts/session.php | ../layouts/main.php | ../layouts/title-meta.php | ../layouts/head-css.php | ../layouts/menu.php | ../layouts/footer.php | ../layouts/right-sidebar.php | ../layouts/footer-scripts.php",""
"pages/charts-apex-bubble.php","","../layouts/session.php | ../layouts/main.php | ../layouts/title-meta.php | ../layouts/head-css.php | ../layouts/menu.php | ../layouts/footer.php | ../layouts/right-sidebar.php | ../layouts/footer-scripts.php",""
"pages/charts-apex-candlestick.php","","../layouts/session.php | ../layouts/main.php | ../layouts/title-meta.php | ../layouts/head-css.php | ../layouts/menu.php | ../layouts/footer.php | ../layouts/right-sidebar.php | ../layouts/footer-scripts.php",""
"pages/charts-apex-column.php","","../layouts/session.php | ../layouts/main.php | ../layouts/title-meta.php | ../layouts/head-css.php | ../layouts/menu.php | ../layouts/footer.php | ../layouts/right-sidebar.php | ../layouts/footer-scripts.php",""
"pages/charts-apex-heatmap.php","","../layouts/session.php | ../layouts/main.php | ../layouts/title-meta.php | ../layouts/head-css.php | ../layouts/menu.php | ../layouts/footer.php | ../layouts/right-sidebar.php | ../layouts/footer-scripts.php",""
"pages/charts-apex-line.php","","../layouts/session.php | ../layouts/main.php | ../layouts/title-meta.php | ../layouts/head-css.php | ../layouts/menu.php | ../layouts/footer.php | ../layouts/right-sidebar.php | ../layouts/footer-scripts.php",""
"pages/charts-apex-mixed.php","","../layouts/session.php | ../layouts/main.php | ../layouts/title-meta.php | ../layouts/head-css.php | ../layouts/menu.php | ../layouts/footer.php | ../layouts/right-sidebar.php | ../layouts/footer-scripts.php",""
"pages/charts-apex-pie.php","","../layouts/session.php | ../layouts/main.php | ../layouts/title-meta.php | ../layouts/head-css.php | ../layouts/menu.php | ../layouts/footer.php | ../layouts/right-sidebar.php | ../layouts/footer-scripts.php",""
"pages/charts-apex-polar-area.php","","../layouts/session.php | ../layouts/main.php | ../layouts/title-meta.php | ../layouts/head-css.php | ../layouts/menu.php | ../layouts/footer.php | ../layouts/right-sidebar.php | ../layouts/footer-scripts.php",""
"pages/charts-apex-radar.php","","../layouts/session.php | ../layouts/main.php | ../layouts/title-meta.php | ../layouts/head-css.php | ../layouts/menu.php | ../layouts/footer.php | ../layouts/right-sidebar.php | ../layouts/footer-scripts.php",""
"pages/charts-apex-radialbar.php","","../layouts/session.php | ../layouts/main.php | ../layouts/title-meta.php | ../layouts/head-css.php | ../layouts/menu.php | ../layouts/footer.php | ../layouts/right-sidebar.php | ../layouts/footer-scripts.php",""
"pages/charts-apex-scatter.php","","../layouts/session.php | ../layouts/main.php | ../layouts/title-meta.php | ../layouts/head-css.php | ../layouts/menu.php | ../layouts/footer.php | ../layouts/right-sidebar.php | ../layouts/footer-scripts.php",""
"pages/charts-apex-sparklines.php","","../layouts/session.php | ../layouts/main.php | ../layouts/title-meta.php | ../layouts/head-css.php | ../layouts/menu.php | ../layouts/footer.php | ../layouts/right-sidebar.php | ../layouts/footer-scripts.php",""
"pages/charts-apex-timeline.php","","../layouts/session.php | ../layouts/main.php | ../layouts/title-meta.php | ../layouts/head-css.php | ../layouts/menu.php | ../layouts/footer.php | ../layouts/right-sidebar.php | ../layouts/footer-scripts.php",""
"pages/charts-apex-treemap.php","","../layouts/session.php | ../layouts/main.php | ../layouts/title-meta.php | ../layouts/head-css.php | ../layouts/menu.php | ../layouts/footer.php | ../layouts/right-sidebar.php | ../layouts/footer-scripts.php",""
"pages/charts-chartjs-area.php","","../layouts/session.php | ../layouts/main.php | ../layouts/title-meta.php | ../layouts/head-css.php | ../layouts/menu.php | ../layouts/footer.php | ../layouts/right-sidebar.php | ../layouts/footer-scripts.php",""
"pages/charts-chartjs-bar.php","","../layouts/session.php | ../layouts/main.php | ../layouts/title-meta.php | ../layouts/head-css.php | ../layouts/menu.php | ../layouts/footer.php | ../layouts/right-sidebar.php | ../layouts/footer-scripts.php",""
"pages/charts-chartjs-line.php","","../layouts/session.php | ../layouts/main.php | ../layouts/title-meta.php | ../layouts/head-css.php | ../layouts/menu.php | ../layouts/footer.php | ../layouts/right-sidebar.php | ../layouts/footer-scripts.php",""
"pages/charts-chartjs-other.php","","../layouts/session.php | ../layouts/main.php | ../layouts/title-meta.php | ../layouts/head-css.php | ../layouts/menu.php | ../layouts/footer.php | ../layouts/right-sidebar.php | ../layouts/footer-scripts.php",""
"pages/class-record-print.php","require_active_role('teacher') | require_role('admin')","../layouts/session.php | ../layouts/main.php | ../layouts/title-meta.php | ../layouts/head-css.php | ../layouts/menu.php | ../layouts/footer.php | ../layouts/right-sidebar.php | ../layouts/footer-scripts.php","admin-assign-teachers.php | teacher-dashboard.php | admin-dashboard.php"
"pages/contact-us.php","","../layouts/session.php | /../includes/site_pages.php | ../layouts/main.php | ../layouts/title-meta.php | ../layouts/head-css.php | ../layouts/menu.php | ../layouts/footer.php | ../layouts/right-sidebar.php | ../layouts/footer-scripts.php","index.php | news.php | about.php | support.php | contact-us.php"
"pages/dashboard-analytics.php","","../layouts/session.php | ../layouts/main.php | ../layouts/title-meta.php | ../layouts/head-css.php | ../layouts/menu.php | ../layouts/footer.php | ../layouts/right-sidebar.php | ../layouts/footer-scripts.php",""
"pages/egg.php","","",""
"pages/error-404-alt.php","","../layouts/session.php | ../layouts/main.php | ../layouts/title-meta.php | ../layouts/head-css.php | ../layouts/menu.php | ../layouts/footer.php | ../layouts/right-sidebar.php | ../layouts/footer-scripts.php","index.php"
"pages/error-404.php","","../layouts/session.php | ../layouts/main.php | ../layouts/title-meta.php | ../layouts/head-css.php | ../layouts/background.php | ../layouts/footer-scripts.php","index.php"
"pages/error-500.php","","../layouts/session.php | ../layouts/main.php | ../layouts/title-meta.php | ../layouts/head-css.php | ../layouts/background.php | ../layouts/footer-scripts.php","index.php"
"pages/extended-dragula.php","","../layouts/session.php | ../layouts/main.php | ../layouts/title-meta.php | ../layouts/head-css.php | ../layouts/menu.php | ../layouts/footer.php | ../layouts/right-sidebar.php | ../layouts/footer-scripts.php",""
"pages/extended-range-slider.php","","../layouts/session.php | ../layouts/main.php | ../layouts/title-meta.php | ../layouts/head-css.php | ../layouts/menu.php | ../layouts/footer.php | ../layouts/right-sidebar.php | ../layouts/footer-scripts.php",""
"pages/extended-ratings.php","","../layouts/session.php | ../layouts/main.php | ../layouts/title-meta.php | ../layouts/head-css.php | ../layouts/menu.php | ../layouts/footer.php | ../layouts/right-sidebar.php | ../layouts/footer-scripts.php",""
"pages/extended-scrollbar.php","","../layouts/session.php | ../layouts/main.php | ../layouts/title-meta.php | ../layouts/head-css.php | ../layouts/menu.php | ../layouts/footer.php | ../layouts/right-sidebar.php | ../layouts/footer-scripts.php",""
"pages/extended-scrollspy.php","","../layouts/session.php | ../layouts/main.php | ../layouts/title-meta.php | ../layouts/head-css.php | ../layouts/menu.php | ../layouts/footer.php | ../layouts/right-sidebar.php | ../layouts/footer-scripts.php",""
"pages/form-advanced.php","","../layouts/session.php | ../layouts/main.php | ../layouts/title-meta.php | ../layouts/head-css.php | ../layouts/menu.php | ../layouts/footer.php | ../layouts/right-sidebar.php | ../layouts/footer-scripts.php",""
"pages/form-editors.php","","../layouts/session.php | ../layouts/main.php | ../layouts/title-meta.php | ../layouts/head-css.php | ../layouts/menu.php | ../layouts/footer.php | ../layouts/right-sidebar.php | ../layouts/footer-scripts.php",""
"pages/form-elements.php","","../layouts/session.php | ../layouts/main.php | ../layouts/title-meta.php | ../layouts/head-css.php | ../layouts/menu.php | ../layouts/footer.php | ../layouts/right-sidebar.php | ../layouts/footer-scripts.php",""
"pages/form-fileuploads.php","","../layouts/session.php | ../layouts/main.php | ../layouts/title-meta.php | ../layouts/head-css.php | ../layouts/menu.php | ../layouts/footer.php | ../layouts/right-sidebar.php | ../layouts/footer-scripts.php",""
"pages/form-validation.php","","../layouts/session.php | ../layouts/main.php | ../layouts/title-meta.php | ../layouts/head-css.php | ../layouts/menu.php | ../layouts/footer.php | ../layouts/right-sidebar.php | ../layouts/footer-scripts.php",""
"pages/form-wizard.php","","../layouts/session.php | ../layouts/main.php | ../layouts/title-meta.php | ../layouts/head-css.php | ../layouts/menu.php | ../layouts/footer.php | ../layouts/right-sidebar.php | ../layouts/footer-scripts.php",""
"pages/grade-record-seed-preview-print.php","require_any_active_role(['admin', 'teacher'])","../layouts/session.php",""
"pages/grade-record-seed-preview.php","require_any_active_role(['admin', 'teacher'])","../layouts/session.php | ../layouts/main.php | ../layouts/title-meta.php | ../layouts/head-css.php | ../layouts/menu.php | ../layouts/footer.php | ../layouts/right-sidebar.php | ../layouts/footer-scripts.php","teacher-dashboard.php"
"pages/icons-bootstrap.php","","../layouts/session.php | ../layouts/main.php | ../layouts/title-meta.php | ../layouts/head-css.php | ../layouts/menu.php | ../layouts/footer.php | ../layouts/right-sidebar.php | ../layouts/footer-scripts.php",""
"pages/icons-remixicons.php","","../layouts/session.php | ../layouts/main.php | ../layouts/title-meta.php | ../layouts/head-css.php | ../layouts/menu.php | ../layouts/footer.php | ../layouts/right-sidebar.php | ../layouts/footer-scripts.php",""
"pages/import_users.php","","../config/db.php",""
"pages/layouts-compact.php","","../layouts/title-meta.php | ../layouts/head-css.php | ../layouts/topbar.php | ../layouts/left-sidebar.php | ../layouts/footer.php | ../layouts/right-sidebar.php | ../layouts/footer-scripts.php",""
"pages/layouts-detached.php","","../layouts/title-meta.php | ../layouts/head-css.php | ../layouts/topbar.php | ../layouts/left-sidebar.php | ../layouts/footer.php | ../layouts/right-sidebar.php | ../layouts/footer-scripts.php",""
"pages/layouts-full.php","","../layouts/title-meta.php | ../layouts/head-css.php | ../layouts/topbar.php | ../layouts/left-sidebar.php | ../layouts/footer.php | ../layouts/right-sidebar.php | ../layouts/footer-scripts.php",""
"pages/layouts-fullscreen.php","","../layouts/title-meta.php | ../layouts/head-css.php | ../layouts/topbar.php | ../layouts/left-sidebar.php | ../layouts/footer.php | ../layouts/right-sidebar.php | ../layouts/footer-scripts.php",""
"pages/layouts-horizontal.php","","../layouts/title-meta.php | ../layouts/head-css.php | ../layouts/topbar.php | ../layouts/horizontal-nav.php | ../layouts/footer.php | ../layouts/right-sidebar.php | ../layouts/footer-scripts.php",""
"pages/layouts-hover.php","","../layouts/title-meta.php | ../layouts/head-css.php | ../layouts/topbar.php | ../layouts/left-sidebar.php | ../layouts/footer.php | ../layouts/right-sidebar.php | ../layouts/footer-scripts.php",""
"pages/layouts-icon-view.php","","../layouts/title-meta.php | ../layouts/head-css.php | ../layouts/topbar.php | ../layouts/left-sidebar.php | ../layouts/footer.php | ../layouts/right-sidebar.php | ../layouts/footer-scripts.php",""
"pages/maps-google.php","","../layouts/session.php | ../layouts/main.php | ../layouts/title-meta.php | ../layouts/head-css.php | ../layouts/menu.php | ../layouts/footer.php | ../layouts/right-sidebar.php | ../layouts/footer-scripts.php",""
"pages/maps-vector.php","","../layouts/session.php | ../layouts/main.php | ../layouts/title-meta.php | ../layouts/head-css.php | ../layouts/menu.php | ../layouts/footer.php | ../layouts/right-sidebar.php | ../layouts/footer-scripts.php",""
"pages/messages.php","require_any_role(['admin', 'teacher'])","../layouts/session.php | ../layouts/main.php | /../includes/messages.php | /../includes/audit.php | /../includes/admin_ai_messages.php | ../layouts/title-meta.php | ../layouts/head-css.php | ../layouts/menu.php | ../layouts/footer.php | ../layouts/right-sidebar.php | ../layouts/footer-scripts.php","messages.php?thread_id=ai"
"pages/monthly-accomplishment-print.php","","/../modules/apps/accomplishment_report/monthly-accomplishment-print.php",""
"pages/monthly-accomplishment.php","","/../modules/apps/accomplishment_report/monthly-accomplishment.php",""
"pages/news.php","","../layouts/session.php | /../includes/site_pages.php | ../layouts/main.php | ../layouts/title-meta.php | ../layouts/head-css.php | ../layouts/menu.php | ../layouts/footer.php | ../layouts/right-sidebar.php | ../layouts/footer-scripts.php","index.php | news.php | about.php | support.php | contact-us.php"
"pages/pages-faq.php","","../layouts/session.php | ../layouts/main.php | ../layouts/title-meta.php | ../layouts/head-css.php | ../layouts/menu.php | ../layouts/footer.php | ../layouts/right-sidebar.php | ../layouts/footer-scripts.php",""
"pages/pages-invoice.php","","../layouts/session.php | ../layouts/main.php | ../layouts/title-meta.php | ../layouts/head-css.php | ../layouts/menu.php | ../layouts/footer.php | ../layouts/right-sidebar.php | ../layouts/footer-scripts.php",""
"pages/pages-maintenance.php","","../layouts/session.php | ../layouts/main.php | ../layouts/title-meta.php | ../layouts/head-css.php | ../layouts/background.php | ../layouts/footer-scripts.php",""
"pages/pages-preloader.php","","../layouts/session.php | ../layouts/main.php | ../layouts/title-meta.php | ../layouts/head-css.php | ../layouts/menu.php | ../layouts/footer.php | ../layouts/right-sidebar.php | ../layouts/footer-scripts.php",""
"pages/pages-pricing.php","","../layouts/session.php | ../layouts/main.php | ../layouts/title-meta.php | ../layouts/head-css.php | ../layouts/menu.php | ../layouts/footer.php | ../layouts/right-sidebar.php | ../layouts/footer-scripts.php",""
"pages/pages-profile.php","require_any_role(['admin', 'teacher', 'student'])","../layouts/session.php | /../includes/profile.php | /../includes/messages.php | /../includes/audit.php | ../layouts/main.php | ../layouts/title-meta.php | ../layouts/head-css.php | ../layouts/menu.php | ../layouts/footer.php | ../layouts/right-sidebar.php | ../layouts/footer-scripts.php","pages-profile.php?tab=settings | messages.php | pages-profile.php?tab=about | pages-profile.php?tab=timeline | admin-profile-approvals.php"
"pages/pages-starter.php","","../layouts/session.php | ../layouts/main.php | ../layouts/title-meta.php | ../layouts/head-css.php | ../layouts/menu.php | ../layouts/footer.php | ../layouts/right-sidebar.php | ../layouts/footer-scripts.php",""
"pages/pages-timeline.php","","../layouts/session.php | ../layouts/main.php | ../layouts/title-meta.php | ../layouts/head-css.php | ../layouts/menu.php | ../layouts/footer.php | ../layouts/right-sidebar.php | ../layouts/footer-scripts.php",""
"pages/process_add_subject.php","require_role('admin')","../layouts/session.php",""
"pages/process_delete_subject.php","require_role('admin')","../layouts/session.php",""
"pages/process_edit_subject.php","require_role('admin')","../layouts/session.php",""
"pages/section.php","require_role('admin')","../layouts/session.php | ../layouts/main.php | ../layouts/title-meta.php | ../layouts/head-css.php | ../layouts/menu.php | ../layouts/footer.php | ../layouts/right-sidebar.php | ../layouts/footer-scripts.php","section.php"
"pages/student-assessment-module.php","require_approved_student()","../layouts/session.php | ../layouts/main.php | /../includes/grading.php | ../layouts/title-meta.php | ../layouts/head-css.php | ../layouts/menu.php | ../layouts/footer.php | ../layouts/right-sidebar.php | ../layouts/footer-scripts.php","student-dashboard.php"
"pages/student-attendance-scan.php","require_approved_student()","../layouts/session.php | ../layouts/main.php | /../includes/attendance_checkin.php | ../layouts/title-meta.php | ../layouts/head-css.php | ../layouts/menu.php | ../layouts/footer.php | ../layouts/right-sidebar.php | ../layouts/footer-scripts.php","student-dashboard.php | student-attendance.php | includes/attendance_qr_submit.php"
"pages/student-attendance.php","require_approved_student()","../layouts/session.php | ../layouts/main.php | /../includes/attendance_checkin.php | ../layouts/title-meta.php | ../layouts/head-css.php | ../layouts/menu.php | ../layouts/footer.php | ../layouts/right-sidebar.php | ../layouts/footer-scripts.php","student-attendance.php | student-dashboard.php | student-attendance-scan.php | student-face-register.php"
"pages/student-dashboard.php","require_approved_student()","../layouts/session.php | ../layouts/main.php | /../includes/subject_colors.php | /../includes/grading.php | /../includes/learning_materials.php | ../layouts/title-meta.php | ../layouts/head-css.php | ../layouts/menu.php | ../layouts/footer.php | ../layouts/right-sidebar.php | ../layouts/footer-scripts.php","student-attendance.php | student-quiz-attempt.php?assessment_id= | student-assessment-module.php?assessment_id="
"pages/student-face-register.php","require_approved_student()","../layouts/session.php | ../layouts/main.php | /../includes/attendance_checkin.php | /../includes/face_profiles.php | ../layouts/title-meta.php | ../layouts/head-css.php | ../layouts/menu.php | ../layouts/footer.php | ../layouts/right-sidebar.php | ../layouts/footer-scripts.php","student-dashboard.php | includes/face_profile_submit.php"
"pages/student-learning-material.php","require_approved_student()","../layouts/session.php | ../layouts/main.php | /../includes/learning_materials.php | ../layouts/title-meta.php | ../layouts/head-css.php | ../layouts/menu.php | ../layouts/footer.php | ../layouts/right-sidebar.php | ../layouts/footer-scripts.php","student-dashboard.php"
"pages/student-learning-materials.php","require_approved_student()","../layouts/session.php | ../layouts/main.php | /../includes/learning_materials.php | ../layouts/title-meta.php | ../layouts/head-css.php | ../layouts/menu.php | ../layouts/footer.php | ../layouts/right-sidebar.php | ../layouts/footer-scripts.php","student-dashboard.php"
"pages/student-live-slide.php","require_approved_student()","../layouts/session.php | ../layouts/main.php | /../includes/learning_materials.php | ../layouts/title-meta.php | ../layouts/head-css.php | ../layouts/menu.php | ../layouts/footer.php | ../layouts/right-sidebar.php | ../layouts/footer-scripts.php","student-live-slide.php?code= | student-learning-materials.php?class_record_id= | student-dashboard.php | includes/live_slide_state.php?code="
"pages/student-quiz-attempt.php","require_approved_student()","../layouts/session.php | ../layouts/main.php | /../includes/grading.php | ../layouts/title-meta.php | ../layouts/head-css.php | ../layouts/menu.php | ../layouts/footer.php | ../layouts/right-sidebar.php | ../layouts/footer-scripts.php","student-dashboard.php"
"pages/support.php","","../layouts/session.php | /../includes/site_pages.php | ../layouts/main.php | ../layouts/title-meta.php | ../layouts/head-css.php | ../layouts/menu.php | ../layouts/footer.php | ../layouts/right-sidebar.php | ../layouts/footer-scripts.php","index.php | news.php | about.php | support.php | contact-us.php"
"pages/tables-basic.php","","../layouts/session.php | ../layouts/main.php | ../layouts/title-meta.php | ../layouts/head-css.php | ../layouts/menu.php | ../layouts/footer.php | ../layouts/right-sidebar.php | ../layouts/footer-scripts.php",""
"pages/tables-datatable.php","","../layouts/session.php | ../layouts/main.php | ../layouts/title-meta.php | ../layouts/head-css.php | ../layouts/menu.php | ../layouts/footer.php | ../layouts/right-sidebar.php | ../layouts/footer-scripts.php",""
"pages/teacher-assessment-builder.php","require_active_role('teacher')","../layouts/session.php | ../layouts/main.php | /../includes/grading.php | ../layouts/title-meta.php | ../layouts/head-css.php | ../layouts/menu.php | ../layouts/footer.php | ../layouts/right-sidebar.php | ../layouts/footer-scripts.php","teacher-dashboard.php"
"pages/teacher-assessment-scores.php","require_active_role('teacher')","../layouts/session.php | ../layouts/main.php | /../includes/grading.php | ../layouts/title-meta.php | ../layouts/head-css.php | ../layouts/menu.php | ../layouts/footer.php | ../layouts/right-sidebar.php | ../layouts/footer-scripts.php","teacher-dashboard.php | includes/save_assessment_score.php"
"pages/teacher-assignment-builder.php","require_active_role('teacher')","../layouts/session.php | ../layouts/main.php | /../includes/grading.php | /../includes/teacher_activity_events.php | ../layouts/title-meta.php | ../layouts/head-css.php | ../layouts/menu.php | ../layouts/footer.php | ../layouts/right-sidebar.php | ../layouts/footer-scripts.php","teacher-dashboard.php"
"pages/teacher-assignment-submissions.php","require_active_role('teacher')","../layouts/session.php | ../layouts/main.php | /../includes/grading.php | /../includes/teacher_activity_events.php | ../layouts/title-meta.php | ../layouts/head-css.php | ../layouts/menu.php | ../layouts/footer.php | ../layouts/right-sidebar.php | ../layouts/footer-scripts.php","teacher-assignment-submissions.php?assessment_id= | teacher-dashboard.php"
"pages/teacher-attendance-boundary.php","require_active_role('teacher')","../layouts/session.php | /../includes/attendance_geofence.php | /../includes/audit.php | ../layouts/main.php | ../layouts/title-meta.php | ../layouts/head-css.php | ../layouts/menu.php | ../layouts/footer.php | ../layouts/right-sidebar.php | ../layouts/footer-scripts.php","teacher-attendance-boundary.php | teacher-dashboard.php"
"pages/teacher-attendance-qr.php","require_active_role('teacher')","../layouts/session.php | ../layouts/main.php | /../includes/attendance_checkin.php | ../layouts/title-meta.php | ../layouts/head-css.php | ../layouts/footer-scripts.php","teacher-attendance-uploads.php"
"pages/teacher-attendance-uploads.php","require_active_role('teacher')","../layouts/session.php | ../layouts/main.php | /../includes/attendance_checkin.php | /../includes/teacher_activity_events.php | ../layouts/title-meta.php | ../layouts/head-css.php | ../layouts/menu.php | ../layouts/footer.php | ../layouts/right-sidebar.php | ../layouts/footer-scripts.php","teacher-attendance-uploads.php | teacher-grading-config.php?class_record_id= | teacher-dashboard.php"
"pages/teacher-builds.php","require_active_role('teacher')","../layouts/session.php | ../layouts/main.php | /../includes/class_record_builds.php | /../includes/usage_limits.php | ../layouts/title-meta.php | ../layouts/head-css.php | ../layouts/menu.php | ../layouts/footer.php | ../layouts/right-sidebar.php | ../layouts/footer-scripts.php","teacher-dashboard.php"
"pages/teacher-claim.php","require_active_role('teacher')","../layouts/session.php | ../layouts/main.php | ../layouts/title-meta.php | ../layouts/head-css.php | ../layouts/menu.php | ../layouts/footer.php | ../layouts/right-sidebar.php | ../layouts/footer-scripts.php","teacher-dashboard.php"
"pages/teacher-component-assessments.php","require_active_role('teacher')","../layouts/session.php | ../layouts/main.php | /../includes/grading.php | /../includes/section_sync.php | /../includes/teacher_activity_events.php | ../layouts/title-meta.php | ../layouts/head-css.php | ../layouts/menu.php | ../layouts/footer.php | ../layouts/right-sidebar.php | ../layouts/footer-scripts.php","teacher-dashboard.php | teacher-assignment-builder.php?assessment_id= | teacher-assessment-builder.php?assessment_id= | teacher-assignment-submissions.php?assessment_id= | teacher-assessment-scores.php?assessment_id="
"pages/teacher-dashboard.php","require_active_role('teacher')","../layouts/session.php | ../layouts/main.php | ../layouts/title-meta.php | ../layouts/head-css.php | ../layouts/menu.php | ../layouts/footer.php | ../layouts/right-sidebar.php | ../layouts/footer-scripts.php","teacher-my-classes.php | teacher-claim.php | teacher-schedule.php | grade-record-seed-preview.php | messages.php"
"pages/teacher-grading-config.php","require_active_role('teacher')","../layouts/session.php | ../layouts/main.php | /../includes/class_record_builds.php | /../includes/usage_limits.php | /../includes/grading.php | /../includes/section_sync.php | /../includes/ai_chat_credits.php | /../includes/teacher_build_ai.php | /../includes/teacher_activity_events.php | ../layouts/title-meta.php | ../layouts/head-css.php | ../layouts/menu.php | ../layouts/footer.php | ../layouts/right-sidebar.php | ../layouts/footer-scripts.php","teacher-dashboard.php | teacher-builds.php"
"pages/teacher-learning-material-editor.php","require_active_role('teacher')","../layouts/session.php | /../includes/learning_materials.php | /../includes/ai_credits.php | /../includes/section_sync.php | /../includes/teacher_activity_events.php | ../layouts/main.php | ../layouts/title-meta.php | ../layouts/head-css.php | ../layouts/menu.php | ../layouts/footer.php | ../layouts/right-sidebar.php | ../layouts/footer-scripts.php","teacher-dashboard.php | teacher-my-classes.php"
"pages/teacher-learning-material-preview.php","require_active_role('teacher')","../layouts/session.php | ../layouts/main.php | /../includes/learning_materials.php | ../layouts/title-meta.php | ../layouts/head-css.php | ../layouts/menu.php | ../layouts/footer.php | ../layouts/right-sidebar.php | ../layouts/footer-scripts.php","teacher-my-classes.php"
"pages/teacher-learning-materials.php","require_active_role('teacher')","../layouts/session.php | ../layouts/main.php | /../includes/learning_materials.php | /../includes/section_sync.php | ../layouts/title-meta.php | ../layouts/head-css.php | ../layouts/menu.php | ../layouts/footer.php | ../layouts/right-sidebar.php | ../layouts/footer-scripts.php","teacher-dashboard.php | teacher-my-classes.php"
"pages/teacher-live-slides.php","require_active_role('teacher')","../layouts/session.php | ../layouts/main.php | /../includes/learning_materials.php | ../layouts/title-meta.php | ../layouts/head-css.php | ../layouts/menu.php | ../layouts/footer.php | ../layouts/right-sidebar.php | ../layouts/footer-scripts.php","teacher-dashboard.php | teacher-my-classes.php"
"pages/teacher-my-classes.php","require_active_role('teacher')","../layouts/session.php | ../layouts/main.php | /../includes/reference.php | /../includes/reverse_class_record.php | /../includes/learning_materials.php | ../layouts/title-meta.php | ../layouts/head-css.php | ../layouts/menu.php | ../layouts/footer.php | ../layouts/right-sidebar.php | ../layouts/footer-scripts.php","teacher-dashboard.php | teacher-claim.php"
"pages/teacher-reverse-class-record.php","require_active_role('teacher')","../layouts/session.php | ../layouts/main.php | /../includes/class_record_builds.php | /../includes/grading.php | /../includes/reverse_class_record.php | /../includes/ai_credits.php | ../layouts/title-meta.php | ../layouts/head-css.php | ../layouts/menu.php | ../layouts/footer.php | ../layouts/right-sidebar.php | ../layouts/footer-scripts.php","teacher-dashboard.php | teacher-my-classes.php"
"pages/teacher-schedule.php","require_active_role('teacher')","../layouts/session.php | /../includes/schedule.php | /../includes/audit.php | /../includes/subject_colors.php | ../layouts/main.php | ../layouts/title-meta.php | ../layouts/head-css.php | ../layouts/menu.php | ../layouts/footer.php | ../layouts/right-sidebar.php | ../layouts/footer-scripts.php","teacher-dashboard.php | teacher-schedule.php?tab=manage"
"pages/teacher-tos-tqs-export.php","require_active_role('teacher')","../layouts/session.php | /../includes/tos_tqs.php | /../includes/report_export.php",""
"pages/teacher-tos-tqs.php","require_active_role('teacher')","../layouts/session.php | ../layouts/main.php | /../includes/tos_tqs.php | /../includes/grading.php | ../layouts/title-meta.php | ../layouts/head-css.php | ../layouts/menu.php | ../layouts/footer.php | ../layouts/right-sidebar.php | ../layouts/footer-scripts.php","teacher-tos-tqs.php | teacher-dashboard.php"
"pages/teacher-wheel.php","require_active_role('teacher')","../layouts/session.php | ../layouts/main.php | /../includes/reverse_class_record.php | ../layouts/title-meta.php | ../layouts/head-css.php | ../layouts/menu.php | ../layouts/footer.php | ../layouts/right-sidebar.php | ../layouts/footer-scripts.php","teacher-dashboard.php"
"pages/tutorial-admin.php","require_role('admin')","../layouts/session.php | ../layouts/main.php | /../includes/tutorials.php | ../layouts/title-meta.php | ../layouts/head-css.php | ../layouts/menu.php | ../layouts/footer.php | ../layouts/right-sidebar.php | ../layouts/footer-scripts.php","tutorials.php?role=admin | admin-dashboard.php | admin-users-students.php | admin-users-teachers.php | admin-users.php | admin-assign-teachers.php | admin-schedules.php | admin-schedule-approvals.php | admin-enrollment-approvals.php | admin-profile-approvals.php | admin-audit-log.php | admin-references.php | add-subject.php | section.php | tutorial-enroll-student.php | tutorial-program-chair.php"
"pages/tutorial-enroll-student.php","require_role('admin')","../layouts/session.php | ../layouts/main.php | /../includes/tutorials.php | ../layouts/title-meta.php | ../layouts/head-css.php | ../layouts/menu.php | ../layouts/footer.php | ../layouts/right-sidebar.php | ../layouts/footer-scripts.php","tutorials.php?role=admin | admin-dashboard.php | admin-users-students.php | admin-enrollment-approvals.php"
"pages/tutorial-program-chair.php","require_any_role(['program_chair', 'admin'])","../layouts/session.php | ../layouts/main.php | /../includes/tutorials.php | ../layouts/title-meta.php | ../layouts/head-css.php | ../layouts/menu.php | ../layouts/footer.php | ../layouts/right-sidebar.php | ../layouts/footer-scripts.php","tutorials.php?role=program_chair | tutorials.php | admin-users.php | admin-profile-approvals.php"
"pages/tutorial-student.php","require_any_role(['student', 'admin'])","../layouts/session.php | ../layouts/main.php | /../includes/tutorials.php | ../layouts/title-meta.php | ../layouts/head-css.php | ../layouts/menu.php | ../layouts/footer.php | ../layouts/right-sidebar.php | ../layouts/footer-scripts.php","tutorials.php?role=student | student-dashboard.php | student-learning-materials.php | student-attendance.php | pages-profile.php"
"pages/tutorial-teacher.php","require_any_role(['teacher', 'admin'])","../layouts/session.php | ../layouts/main.php | /../includes/tutorials.php | ../layouts/title-meta.php | ../layouts/head-css.php | ../layouts/menu.php | ../layouts/footer.php | ../layouts/right-sidebar.php | ../layouts/footer-scripts.php","tutorials.php?role=teacher | teacher-dashboard.php | teacher-my-classes.php | teacher-learning-materials.php | teacher-assessment-builder.php | teacher-assignment-builder.php | teacher-builds.php | teacher-grading-config.php | teacher-claim.php | teacher-schedule.php | teacher-attendance-uploads.php | teacher-wheel.php | monthly-accomplishment.php | accomplishment-creator.php | messages.php | pages-profile.php"
"pages/tutorial-users.php","require_role('admin')","../layouts/session.php | ../layouts/main.php | /../includes/tutorials.php | ../layouts/title-meta.php | ../layouts/head-css.php | ../layouts/menu.php | ../layouts/footer.php | ../layouts/right-sidebar.php | ../layouts/footer-scripts.php","tutorials.php?role=admin | admin-dashboard.php | admin-users-students.php | admin-users-teachers.php | admin-users.php | admin-enrollment-approvals.php"
"pages/tutorials.php","","../layouts/session.php | ../layouts/main.php | /../includes/tutorials.php | ../layouts/title-meta.php | ../layouts/head-css.php | ../layouts/menu.php | ../layouts/footer.php | ../layouts/right-sidebar.php | ../layouts/footer-scripts.php","tutorial-admin.php | tutorial-enroll-student.php | tutorial-users.php | tutorial-teacher.php | tutorial-student.php | tutorial-program-chair.php | index.php | pages-profile.php"
"pages/ui-accordions.php","","../layouts/session.php | ../layouts/main.php | ../layouts/title-meta.php | ../layouts/head-css.php | ../layouts/menu.php | ../layouts/footer.php | ../layouts/right-sidebar.php | ../layouts/footer-scripts.php",""
"pages/ui-alerts.php","","../layouts/session.php | ../layouts/main.php | ../layouts/title-meta.php | ../layouts/head-css.php | ../layouts/menu.php | ../layouts/footer.php | ../layouts/right-sidebar.php | ../layouts/footer-scripts.php",""
"pages/ui-avatars.php","","../layouts/session.php | ../layouts/main.php | ../layouts/title-meta.php | ../layouts/head-css.php | ../layouts/menu.php | ../layouts/footer.php | ../layouts/right-sidebar.php | ../layouts/footer-scripts.php",""
"pages/ui-badges.php","","../layouts/session.php | ../layouts/main.php | ../layouts/title-meta.php | ../layouts/head-css.php | ../layouts/menu.php | ../layouts/footer.php | ../layouts/right-sidebar.php | ../layouts/footer-scripts.php",""
"pages/ui-breadcrumb.php","","../layouts/session.php | ../layouts/main.php | ../layouts/title-meta.php | ../layouts/head-css.php | ../layouts/menu.php | ../layouts/footer.php | ../layouts/right-sidebar.php | ../layouts/footer-scripts.php",""
"pages/ui-buttons.php","","../layouts/session.php | ../layouts/main.php | ../layouts/title-meta.php | ../layouts/head-css.php | ../layouts/menu.php | ../layouts/footer.php | ../layouts/right-sidebar.php | ../layouts/footer-scripts.php",""
"pages/ui-cards.php","","../layouts/session.php | ../layouts/main.php | ../layouts/title-meta.php | ../layouts/head-css.php | ../layouts/menu.php | ../layouts/footer.php | ../layouts/right-sidebar.php | ../layouts/footer-scripts.php",""
"pages/ui-carousel.php","","../layouts/session.php | ../layouts/main.php | ../layouts/title-meta.php | ../layouts/head-css.php | ../layouts/menu.php | ../layouts/footer.php | ../layouts/right-sidebar.php | ../layouts/footer-scripts.php",""
"pages/ui-collapse.php","","../layouts/session.php | ../layouts/main.php | ../layouts/title-meta.php | ../layouts/head-css.php | ../layouts/menu.php | ../layouts/footer.php | ../layouts/right-sidebar.php | ../layouts/footer-scripts.php",""
"pages/ui-dropdowns.php","","../layouts/session.php | ../layouts/main.php | ../layouts/title-meta.php | ../layouts/head-css.php | ../layouts/menu.php | ../layouts/footer.php | ../layouts/right-sidebar.php | ../layouts/footer-scripts.php",""
"pages/ui-embed-video.php","","../layouts/session.php | ../layouts/main.php | ../layouts/title-meta.php | ../layouts/head-css.php | ../layouts/menu.php | ../layouts/footer.php | ../layouts/right-sidebar.php | ../layouts/footer-scripts.php",""
"pages/ui-grid.php","","../layouts/session.php | ../layouts/main.php | ../layouts/title-meta.php | ../layouts/head-css.php | ../layouts/menu.php | ../layouts/footer.php | ../layouts/right-sidebar.php | ../layouts/footer-scripts.php",""
"pages/ui-links.php","","../layouts/session.php | ../layouts/main.php | ../layouts/title-meta.php | ../layouts/head-css.php | ../layouts/menu.php | ../layouts/footer.php | ../layouts/right-sidebar.php | ../layouts/footer-scripts.php",""
"pages/ui-list-group.php","","../layouts/session.php | ../layouts/main.php | ../layouts/title-meta.php | ../layouts/head-css.php | ../layouts/menu.php | ../layouts/footer.php | ../layouts/right-sidebar.php | ../layouts/footer-scripts.php",""
"pages/ui-modals.php","","../layouts/session.php | ../layouts/main.php | ../layouts/title-meta.php | ../layouts/head-css.php | ../layouts/menu.php | ../layouts/footer.php | ../layouts/right-sidebar.php | ../layouts/footer-scripts.php",""
"pages/ui-notifications.php","","../layouts/session.php | ../layouts/main.php | ../layouts/title-meta.php | ../layouts/head-css.php | ../layouts/menu.php | ../layouts/footer.php | ../layouts/right-sidebar.php | ../layouts/footer-scripts.php",""
"pages/ui-offcanvas.php","","../layouts/session.php | ../layouts/main.php | ../layouts/title-meta.php | ../layouts/head-css.php | ../layouts/menu.php | ../layouts/footer.php | ../layouts/right-sidebar.php | ../layouts/footer-scripts.php",""
"pages/ui-pagination.php","","../layouts/session.php | ../layouts/main.php | ../layouts/title-meta.php | ../layouts/head-css.php | ../layouts/menu.php | ../layouts/footer.php | ../layouts/right-sidebar.php | ../layouts/footer-scripts.php",""
"pages/ui-placeholders.php","","../layouts/session.php | ../layouts/main.php | ../layouts/title-meta.php | ../layouts/head-css.php | ../layouts/menu.php | ../layouts/footer.php | ../layouts/right-sidebar.php | ../layouts/footer-scripts.php",""
"pages/ui-popovers.php","","../layouts/session.php | ../layouts/main.php | ../layouts/title-meta.php | ../layouts/head-css.php | ../layouts/menu.php | ../layouts/footer.php | ../layouts/right-sidebar.php | ../layouts/footer-scripts.php",""
"pages/ui-progress.php","","../layouts/session.php | ../layouts/main.php | ../layouts/title-meta.php | ../layouts/head-css.php | ../layouts/menu.php | ../layouts/footer.php | ../layouts/right-sidebar.php | ../layouts/footer-scripts.php",""
"pages/ui-ribbons.php","","../layouts/session.php | ../layouts/main.php | ../layouts/title-meta.php | ../layouts/head-css.php | ../layouts/menu.php | ../layouts/footer.php | ../layouts/right-sidebar.php | ../layouts/footer-scripts.php",""
"pages/ui-spinners.php","","../layouts/session.php | ../layouts/main.php | ../layouts/title-meta.php | ../layouts/head-css.php | ../layouts/menu.php | ../layouts/footer.php | ../layouts/right-sidebar.php | ../layouts/footer-scripts.php",""
"pages/ui-tabs.php","","../layouts/session.php | ../layouts/main.php | ../layouts/title-meta.php | ../layouts/head-css.php | ../layouts/menu.php | ../layouts/footer.php | ../layouts/right-sidebar.php | ../layouts/footer-scripts.php",""
"pages/ui-tooltips.php","","../layouts/session.php | ../layouts/main.php | ../layouts/title-meta.php | ../layouts/head-css.php | ../layouts/menu.php | ../layouts/footer.php | ../layouts/right-sidebar.php | ../layouts/footer-scripts.php",""
"pages/ui-typography.php","","../layouts/session.php | ../layouts/main.php | ../layouts/title-meta.php | ../layouts/head-css.php | ../layouts/menu.php | ../layouts/footer.php | ../layouts/right-sidebar.php | ../layouts/footer-scripts.php",""
"pages/ui-utilities.php","","../layouts/session.php | ../layouts/main.php | ../layouts/title-meta.php | ../layouts/head-css.php | ../layouts/menu.php | ../layouts/footer.php | ../layouts/right-sidebar.php | ../layouts/footer-scripts.php",""
"pages/user-dashboard.php","require_approved_student()","../layouts/session.php",""
"pages/widgets.php","","../layouts/session.php | ../layouts/main.php | ../layouts/title-meta.php | ../layouts/head-css.php | ../layouts/menu.php | ../layouts/footer.php | ../layouts/right-sidebar.php | ../layouts/footer-scripts.php",""
"pages/api/get_monthly_uploads.php","require_approved_user()","/../../layouts/session.php",""
"pages/api/get_student_name.php","require_approved_user()","/../../layouts/session.php",""
"pages/auth/auth-login.php","","/../../layouts/session.php | /../../includes/audit.php | /../../includes/login_click_bypass.php | /../../layouts/main.php | /../../layouts/title-meta.php | /../../layouts/head-css.php | /../../layouts/background.php | /../../layouts/footer-scripts.php","admin-dashboard.php | teacher-dashboard.php | student-dashboard.php | index.php | auth-login.php | auth-register.php | auth-student-enroll.php | includes/login_click_bypass_action.php"
"pages/auth/auth-logout.php","","/../../layouts/session.php | /../../includes/audit.php",""
"pages/auth/auth-register.php","","/../../layouts/session.php | /../../layouts/main.php | /../../layouts/title-meta.php | /../../layouts/head-css.php | /../../layouts/background.php | /../../layouts/footer-scripts.php","index.php | auth-register.php | auth-login.php"
"pages/auth/auth-student-enroll.php","","/../../layouts/session.php | /../../layouts/main.php | /../../layouts/title-meta.php | /../../layouts/head-css.php | /../../layouts/background.php | /../../layouts/footer-scripts.php","auth-login.php | auth-student-enroll.php"
"pages/student/todays_act.php","require_approved_student()","/../../layouts/session.php",""
